{"content":[{"id":"27a4a5b1","settings":{"structure":"30","height":"min-height","custom_height":{"unit":"px","size":80,"sizes":[]},"margin":{"unit":"px","top":"0","right":0,"bottom":"-95","left":0,"isLinked":false},"z_index":10,"_title":"Header","background_background":"classic","sticky":"top","sticky_effects_offset":100,"custom_css":"selector.elementor-sticky--effects{\r\nbackground-color: rgb(255,255,255)!important\r\n}\r\nselector{\r\ntransition: background-color 1s ease !important;\r\n}\r\nselector.elementor-sticky--effects >.elementor-container{\r\nmin-height: 70px;\r\n}\r\nselector > .elementor-container{\r\ntransition: min-height 1s ease !important;\r\n}","background_color":"#FFFFFF4F","background_motion_fx_motion_fx_mouse":"yes","background_motion_fx_motion_fx_scrolling":"yes","__globals__":{"background_color":""}},"elements":[{"id":"bae75b7","settings":{"_column_size":33,"_inline_size":10.7430000000000003268496584496460855007171630859375,"_inline_size_mobile":"30","_inline_size_tablet":50},"elements":[{"id":"3e675a2f","settings":{"image":{"id":"","url":""},"image_size":"full","align":"left","link_to":"custom","width":{"unit":"%","size":100,"sizes":[]},"width_mobile":{"unit":"%","size":100,"sizes":[]},"__dynamic__":{"link":"[elementor-tag id=\"70bb357\" name=\"site-url\" settings=\"%7B%7D\"]"},"width_tablet":{"unit":"%","size":10,"sizes":[]}},"elements":[],"isInner":false,"widgetType":"image","elType":"widget"}],"isInner":"","elType":"column"},{"id":"1a924086","settings":{"_column_size":33,"align":"flex-end","_inline_size":68.686000000000007048583938740193843841552734375,"_inline_size_mobile":25,"_inline_size_tablet":50,"content_position":"center"},"elements":[{"id":"3c0c3f12","settings":{"pointer":"background","animation_text":"rotate","full_width":"stretch","padding_horizontal_menu_item":{"unit":"px","size":6,"sizes":[]},"padding_vertical_menu_item":{"unit":"px","size":8,"sizes":[]},"menu_space_between":{"unit":"px","size":30,"sizes":[]},"__globals__":{"menu_typography_typography":"globals\/typography?id=secondary","toggle_background_color":"","toggle_color":"","background_color_dropdown_item":"","background_color_dropdown_item_hover":"","color_dropdown_item_hover":"","toggle_color_hover":"","pointer_color_menu_item_active":"globals\/colors?id=accent","color_menu_item_hover_pointer_bg":"","color_menu_item_active":"","pointer_color_menu_item_hover":"globals\/colors?id=primary"},"animation_background":"sweep-right","dropdown_top_distance_tablet":{"unit":"px","size":"22","sizes":[]},"toggle_border_width_tablet":{"unit":"px","size":"1","sizes":[]},"toggle_border_radius_tablet":{"unit":"px","size":"0","sizes":[]},"color_menu_item":"#0B0A0A","color_menu_item_hover_pointer_bg":"#FFFFFF","color_menu_item_active":"#FFFFFF","background_color_dropdown_item":"#FFFFFF","color_dropdown_item_hover":"#FFFFFF","background_color_dropdown_item_hover":"#000000","dropdown_typography_typography":"custom","dropdown_typography_font_family":"Roboto","dropdown_typography_font_size":{"unit":"px","size":"14","sizes":[]},"dropdown_typography_font_weight":"300","dropdown_typography_text_transform":"uppercase","dropdown_typography_font_style":"normal","dropdown_typography_text_decoration":"none","dropdown_typography_letter_spacing":{"unit":"px","size":"1.53","sizes":[]},"toggle_color":"#000000","toggle_background_color":"#FFFFFF00","toggle_color_hover":"#000000","dropdown_typography_line_height":{"unit":"em","size":"1.3","sizes":[]},"toggle_border_width":{"unit":"px","size":"0","sizes":[]},"toggle_border_radius":{"unit":"px","size":"0","sizes":[]},"menu":"top-main-menu","menu_id":3,"align_items":"right","_element_custom_width":{"unit":"%","size":100},"dropdown_top_distance_mobile":{"unit":"px","size":5,"sizes":[]}},"elements":[],"isInner":false,"widgetType":"nav-menu","elType":"widget"}],"isInner":"","elType":"column"},{"id":"781ce25e","settings":{"_column_size":33,"align":"flex-end","_inline_size":19.875,"_inline_size_mobile":44,"_inline_size_tablet":50,"content_position":"center","margin":{"unit":"px","top":"0","right":"0","bottom":"0","left":"0","isLinked":false},"padding":{"unit":"px","top":"0","right":"0","bottom":"0","left":"0","isLinked":false}},"elements":[{"id":"54537081","settings":{"text":"Get A QUOTE\u279f","_margin":{"unit":"px","top":"0","right":"0","bottom":"0","left":"40","isLinked":""},"_element_width":"auto","button_text_color":"#FFFFFF","border_width":{"unit":"px","top":"1","right":"1","bottom":"1","left":"1","isLinked":"1"},"border_color":"#000000","border_radius":{"unit":"px","top":"10","right":"10","bottom":"10","left":"10","isLinked":"1"},"text_padding":{"unit":"px","top":"15","right":"20","bottom":"15","left":"20","isLinked":""},"__globals__":{"button_text_color":"","hover_color":"globals\/colors?id=0c35da3","button_background_hover_color":"globals\/colors?id=accent","button_hover_border_color":"","border_color":"","background_color":"globals\/colors?id=primary"},"text_padding_mobile":{"unit":"px","top":"10","right":"10","bottom":"10","left":"10","isLinked":""},"_margin_mobile":{"unit":"px","top":"0","right":"0","bottom":"0","left":"8","isLinked":""},"typography_typography":"custom","typography_font_family":"Roboto","typography_font_size":{"unit":"px","size":"14","sizes":[]},"typography_font_weight":"300","typography_text_transform":"uppercase","typography_font_style":"normal","typography_text_decoration":"none","typography_line_height":{"unit":"em","size":"1.3","sizes":[]},"typography_letter_spacing":{"unit":"px","size":"1.53","sizes":[]},"__dynamic__":{"link":"[elementor-tag id=\"c71c44a\" name=\"popup\" settings=\"%7B%22popup%22%3A%221065%22%7D\"]"}},"elements":[],"isInner":false,"widgetType":"button","elType":"widget"}],"isInner":false,"elType":"column"}],"isInner":"","elType":"section"}],"page_settings":{"content_wrapper_html_tag":"header","background_background":"classic"},"version":"0.4","title":"New Stikcy Logo","type":"section"}